Name,Town,PostCode,Email,Occupation,Extra Field1,Donation Amount
Emma Johnson,Springfield,62701,emma.j@emailprovider.com,Teacher,ABC123,50.00
Ryan Davis,Rivertown,10001,ryan.d@emailprovider.com,Engineer,XYZ789,75.00
Sophie White,Mountainview,80302,sophie.w@emailprovider.com,Doctor,LMN456,100.00
Jack Smith,Lakeside,92040,jack.s@emailprovider.com,Artist,PQR789,25.00
Olivia Taylor,Harmony,75001,olivia.t@emailprovider.com,Software Developer,DEF456,150.00
Daniel Brown,Seaville,33123,daniel.b@emailprovider.com,Journalist,GHI789,30.00
Isaac Harris,Hilltop,85001,isaac.h@emailprovider.com,Graphic Designer,JKL123,60.00
Ava Martinez,Riverside,98001,ava.m@emailprovider.com,Accountant,MNO456,90.00
Noah Thompson,Lakeside,30345,noah.t@emailprovider.com,Photographer,UVW789,40.00
Emily Wilson,Mountainville,62702,emily.w@emailprovider.com,Librarian,XYZ123,80.00
Liam Johnson,Hillview,27501,liam.j@emailprovider.com,Chef,ABC456,55.00
Abigail Carter,Riverview,75002,abigail.c@emailprovider.com,Marketing Specialist,DEF123,70.00
Mia Harris,Mountainview,92041,mia.h@emailprovider.com,Architect,PQR123,120.00
Ethan Davis,Harmony,10002,ethan.d@emailprovider.com,Nurse,LMN789,20.00
Aria Thompson,Springville,62703,aria.t@emailprovider.com,Electrician,GHI123,85.00
Carter Wilson,Lakeside,80303,carter.w@emailprovider.com,Scientist,JKL789,95.00
Chloe Miller,Hilltop,98002,chloe.m@emailprovider.com,Police Officer,MNO123,45.00
Logan Brown,Riverside,30346,logan.b@emailprovider.com,Interior Designer,UVW123,110.00
Grace White,Seaville,33124,grace.w@emailprovider.com,Web Developer,ABC789,65.00
Henry Taylor,Rivertown,85002,henry.t@emailprovider.com,Real Estate Agent,XYZ123,120.00
Lily Martinez,Springfield,62704,lily.m@emailprovider.com,Social Worker,DEF456,50.00
Owen Harris,Mountainview,92042,owen.h@emailprovider.com,Physician Assistant,PQR123,75.00
Sophia Smith,Lakeside,30347,sophia.s@emailprovider.com,Event Planner,LMN789,100.00
Elijah Davis,Hilltop,98003,elijah.d@emailprovider.com,Financial Analyst,JKL123,30.00
Ava Thompson,Riverview,75003,ava.t@emailprovider.com,Software Engineer,MNO456,60.00
Liam Wilson,Harmony,10003,liam.w@emailprovider.com,Marketing Coordinator,UVW123,90.00
Olivia Brown,Seaville,33125,olivia.b@emailprovider.com,Teacher,ABC789,40.00
Lucas Johnson,Riverside,62705,lucas.j@emailprovider.com,Graphic Designer,XYZ123,85.00
Mia Taylor,Lakeside,92043,mia.t@emailprovider.com,Civil Engineer,DEF456,25.00
Noah Carter,Springfield,30348,noah.c@emailprovider.com,Data Scientist,PQR123,120.00
Emma Wilson,Hilltop,85003,emma.w@emailprovider.com,Architectural Designer,LMN789,55.00
Sophie Davis,Mountainville,98004,sophie.d@emailprovider.com,Police Officer,JKL123,70.00
James Smith,Rivertown,75004,james.s@emailprovider.com,Photographer,MNO456,110.00
Ella Martinez,Lakeside,10004,ella.m@emailprovider.com,Journalist,UVW123,20.00
Jackson Harris,Harmony,33126,jackson.h@emailprovider.com,Web Developer,ABC789,95.00
Aria Thompson,Seaville,62706,aria.t@emailprovider.com,Accountant,XYZ123,65.00
Ethan White,Riverside,92044,ethan.w@emailprovider.com,Nurse,DEF456,45.00
Isabella Carter,Hilltop,30349,isabella.c@emailprovider.com,Marketing Specialist,PQR123,85.00
Aiden Davis,Riverview,75005,aiden.d@emailprovider.com,Physician,LMN789,30.00
Ava Wilson,Mountainview,98005,ava.w@emailprovider.com,Librarian,JKL123,75.00
Lucas Brown,Lakeside,10005,lucas.b@emailprovider.com,Software Engineer,MNO456,100.00
Olivia Taylor,Springfield,33127,olivia.t@emailprovider.com,Real Estate Agent,UVW123,50.00
Liam Harris,Harmony,62707,liam.h@emailprovider.com,Interior Designer,ABC789,120.00
Emma Smith,Rivertown,92045,emma.s@emailprovider.com,Financial Analyst,XYZ123,40.00
Noah Martinez,Hilltop,30350,noah.m@emailprovider.com,Architectural Designer,DEF456,60.00
Sophie Davis,Seaville,75006,sophie.d@emailprovider.com,Event Planner,PQR123,90.00
Ethan Wilson,Mountainville,98006,ethan.w@emailprovider.com,Graphic Designer,LMN789,25.00
Ava Thompson,Lakeside,10006,ava.t@emailprovider.com,Data Scientist,JKL123,110.00
Elijah White,Riverside,33128,elijah.w@emailprovider.com,Teacher,MNO456,35.00
Chloe Carter,Springfield,62708,chloe.c@emailprovider.com,Police Officer,UVW123,80.00
Isaac Smith,Harmony,92046,isaac.s@emailprovider.com,Physician Assistant,ABC789,55.00
Grace Brown,Hilltop,30351,grace.b@emailprovider.com,Financial Analyst,XYZ123,100.00
Jackson Taylor,Rivertown,75007,jackson.t@emailprovider.com,Architectural Designer,DEF456,70.00
Aria Harris,Lakeside,98007,aria.h@emailprovider.com,Librarian,PQR123,95.00
Liam Thompson,Seaville,10007,liam.t@emailprovider.com,Software Engineer,LMN789,50.00
Sophie Wilson,Mountainview,33129,sophie.w@emailprovider.com,Real Estate Agent,JKL123,120.00
Ethan Davis,Riverside,62709,ethan.d@emailprovider.com,Interior Designer,MNO456,30.00
Olivia Martinez,Hilltop,92047,olivia.m@emailprovider.com,Data Scientist,UVW123,75.00
Emma Brown,Springfield,30352,emma.b@emailprovider.com,Police Officer,ABC789,45.00
Noah White,Harmony,98008,noah.w@emailprovider.com,Architect,MNO123,85.00
Ava Carter,Rivertown,75008,ava.c@emailprovider.com,Marketing Coordinator,JKL789,55.00
Liam Taylor,Lakeside,10008,liam.t@emailprovider.com,Financial Analyst,DEF123,110.00
Sophie Davis,Seaville,62710,sophie.d@emailprovider.com,Teacher,PQR789,40.00
Ethan Smith,Riverside,33130,ethan.s@emailprovider.com,Physician Assistant,LMN123,65.00
Ava Wilson,Mountainville,92048,ava.w@emailprovider.com,Software Developer,UVW789,95.00
Liam Harris,Hilltop,30353,liam.h@emailprovider.com,Architectural Designer,ABC123,25.00
Emma Brown,Springfield,98009,emma.b@emailprovider.com,Librarian,XYZ789,80.00
Noah Thompson,Rivertown,75009,noah.t@emailprovider.com,Interior Designer,DEF123,120.00
Sophie Carter,Lakeside,10009,sophie.c@emailprovider.com,Police Officer,MNO789,60.00
Ethan Wilson,Harmony,33131,ethan.w@emailprovider.com,Real Estate Agent,JKL123,90.00
Ava Davis,Seaville,62711,ava.d@emailprovider.com,Data Scientist,PQR789,30.00
Olivia Smith,Riverside,92049,olivia.s@emailprovider.com,Financial Analyst,LMN123,75.00
Liam Martinez,Hilltop,30354,liam.m@emailprovider.com,Marketing Coordinator,ABC789,50.00
Sophie Wilson,Mountainview,98010,sophie.w@emailprovider.com,Architect,PQR123,110.00
Noah Thompson,Lakeside,10010,noah.t@emailprovider.com,Graphic Designer,DEF789,40.00
Emma Davis,Springfield,33132,emma.d@emailprovider.com,Physician Assistant,XYZ123,85.00
Olivia Harris,Rivertown,75010,olivia.h@emailprovider.com,Web Developer,MNO789,95.00
Liam Carter,Harmony,62712,liam.c@emailprovider.com,Teacher,JKL123,55.00
Ava White,Seaville,92050,ava.w@emailprovider.com,Police Officer,UVW789,80.00
Ethan Smith,Riverside,30355,ethan.s@emailprovider.com,Financial Analyst,ABC123,65.00
Sophie Brown,Hilltop,98011,sophie.b@emailprovider.com,Marketing Specialist,PQR789,100.00
Noah Davis,Mountainview,62713,noah.d@emailprovider.com,Architect,LMN123,35.00
Emma Wilson,Lakeside,10011,emma.w@emailprovider.com,Software Engineer,XYZ789,120.00
Liam Thompson,Springfield,33133,liam.t@emailprovider.com,Librarian,DEF123,45.00
Olivia Harris,Rivertown,92051,olivia.h@emailprovider.com,Data Scientist,MNO789,70.00
Ethan Carter,Harmony,30356,ethan.c@emailprovider.com,Graphic Designer,JKL123,90.00
Sophie Davis,Seaville,75011,sophie.d@emailprovider.com,Interior Designer,UVW789,25.00
Noah Wilson,Riverside,98012,noah.w@emailprovider.com,Real Estate Agent,ABC123,80.00
Ava Smith,Hilltop,62714,ava.s@emailprovider.com,Architectural Designer,XYZ789,55.00
Liam Brown,Mountainview,10012,liam.b@emailprovider.com,Police Officer,DEF123,100.00
Emma Taylor,Lakeside,33134,emma.t@emailprovider.com,Marketing Coordinator,PQR789,60.00
Olivia Harris,Springfield,92052,olivia.h@emailprovider.com,Physician,LMN123,85.00
Noah Wilson,Rivertown,30357,noah.w@emailprovider.com,Web Developer,JKL789,40.00
Sophie Carter,Harmony,75012,sophie.c@emailprovider.com,Software Developer,UVW123,110.00
Ethan Davis,Seaville,98013,ethan.d@emailprovider.com,Journalist,ABC789,30.00
Ava Thompson,Riverside,62715,ava.t@emailprovider.com,Financial Analyst,XYZ123,75.00
Liam Wilson,Hilltop,33135,liam.w@emailprovider.com,Architect,DEF789,50.00
Olivia Smith,Mountainview,92053,olivia.s@emailprovider.com,Teacher,MNO123,95.00
Noah Brown,Lakeside,10013,noah.b@emailprovider.com,Police Officer,JKL789,70.00
Emma Harris,Springfield,30358,emma.h@emailprovider.com,Librarian,UVW123,120.00
Sophie Wilson,Rivertown,62716,sophie.w@emailprovider.com,Data Scientist,ABC789,35.00
Liam Davis,Harmony,75013,liam.d@emailprovider.com,Web Developer,XYZ123,90.00
Ava Carter,Seaville,98014,ava.c@emailprovider.com,Software Engineer,DEF789,45.00
Noah Thompson,Riverside,33136,noah.t@emailprovider.com,Architect,PQR123,80.00
Olivia Brown,Hilltop,92054,olivia.b@emailprovider.com,Police Officer,LMN789,55.00
Emma Wilson,Mountainview,10014,emma.w@emailprovider.com,Financial Analyst,JKL123,100.00
Liam Smith,Lakeside,30359,liam.s@emailprovider.com,Marketing Specialist,UVW789,65.00
Sophie Harris,Springfield,62717,sophie.h@emailprovider.com,Physician,MNO123,110.00
Noah Davis,Rivertown,75014,noah.d@emailprovider.com,Graphic Designer,ABC789,30.00
Ava Thompson,Harmony,98015,ava.t@emailprovider.com,Architectural Designer,XYZ123,75.00
Liam Carter,Seaville,33137,liam.c@emailprovider.com,Teacher,DEF789,50.00
Emma Wilson,Riverside,92055,emma.w@emailprovider.com,Librarian,PQR123,95.00